{
  "c": [
    1.0981,
    1.10082,
    1.10755,
    1.11003,
    1.11328,
    1.11681,
    1.1232,
    1.13353,
    1.12902,
    1.12928,
    1.13376,
    1.13713,
    1.12965,
    1.12504,
    1.13219,
    1.12623,
    1.12417,
    1.12036,
    1.11755,
    1.12567,
    1.13078,
    1.12492,
    1.12164,
    1.12164,
    1.12414,
    1.12315,
    1.12501,
    1.12384,
    1.12429,
    1.13079,
    1.12722,
    1.13287,
    1.12837,
    1.12977,
    1.13421,
    1.13988,
    1.14108,
    1.13826,
    1.14258,
    1.14457,
    1.15256,
    1.15687,
    1.15952,
    1.1654,
    1.17503,
    1.17143,
    1.17903,
    1.18465,
    1.17751,
    1.17611,
    1.18014,
    1.18628,
    1.18759,
    1.17835,
    1.17358,
    1.1739,
    1.17834,
    1.1813,
    1.18403,
    1.18693,
    1.19303,
    1.18358,
    1.1859,
    1.17945,
    1.17863,
    1.18333,
    1.18294,
    1.18208,
    1.19032,
    1.1935,
    1.19107,
    1.18539,
    1.18509,
    1.18372,
    1.18109,
    1.17728,
    1.18013
  ],
  "h": [
    1.09952,
    1.10303,
    1.10931,
    1.11447,
    1.11532,
    1.11954,
    1.12572,
    1.13617,
    1.13833,
    1.13191,
    1.13632,
    1.14211,
    1.14027,
    1.13399,
    1.1332,
    1.13527,
    1.12934,
    1.12608,
    1.12537,
    1.12693,
    1.1348,
    1.13252,
    1.12591,
    1.12388,
    1.12872,
    1.12614,
    1.12744,
    1.1302,
    1.12494,
    1.13449,
    1.13318,
    1.13507,
    1.137,
    1.13242,
    1.13744,
    1.14081,
    1.14512,
    1.14411,
    1.14432,
    1.14672,
    1.15391,
    1.16009,
    1.16261,
    1.16569,
    1.17809,
    1.17729,
    1.18054,
    1.18476,
    1.1908,
    1.17961,
    1.18057,
    1.19043,
    1.19153,
    1.18825,
    1.18001,
    1.18071,
    1.18161,
    1.18635,
    1.18499,
    1.18804,
    1.1965,
    1.19522,
    1.1868,
    1.18823,
    1.1849,
    1.18429,
    1.18386,
    1.1901,
    1.19192,
    1.19651,
    1.20105,
    1.1928,
    1.1864,
    1.18647,
    1.1848,
    1.18266,
    1.18333
  ],
  "l": [
    1.08896,
    1.0933,
    1.0991,
    1.10675,
    1.10993,
    1.11147,
    1.11658,
    1.11939,
    1.12775,
    1.12676,
    1.12402,
    1.13195,
    1.12853,
    1.12119,
    1.12256,
    1.12268,
    1.12061,
    1.11847,
    1.11673,
    1.11674,
    1.12324,
    1.12476,
    1.11899,
    1.11946,
    1.1213,
    1.11901,
    1.11837,
    1.12188,
    1.12184,
    1.12391,
    1.1258,
    1.12614,
    1.12775,
    1.1254,
    1.13003,
    1.13235,
    1.13901,
    1.13698,
    1.13737,
    1.14016,
    1.14223,
    1.15059,
    1.15397,
    1.15806,
    1.16387,
    1.1698,
    1.17114,
    1.17303,
    1.17602,
    1.1695,
    1.17207,
    1.17921,
    1.18173,
    1.17545,
    1.17352,
    1.17212,
    1.17103,
    1.17764,
    1.1781,
    1.18256,
    1.18627,
    1.18281,
    1.18015,
    1.17533,
    1.17834,
    1.17836,
    1.17717,
    1.17615,
    1.18103,
    1.18833,
    1.19006,
    1.18213,
    1.17883,
    1.17802,
    1.18096,
    1.17646,
    1.17518
  ],
  "o": [
    1.08951,
    1.09809,
    1.10082,
    1.10755,
    1.10993,
    1.11345,
    1.11681,
    1.12301,
    1.13361,
    1.12932,
    1.12909,
    1.13359,
    1.13713,
    1.12906,
    1.12316,
    1.13226,
    1.12586,
    1.12398,
    1.12036,
    1.11769,
    1.12575,
    1.13075,
    1.12488,
    1.12164,
    1.12137,
    1.12351,
    1.12293,
    1.12501,
    1.12384,
    1.12423,
    1.1307,
    1.12717,
    1.13287,
    1.12808,
    1.13042,
    1.13421,
    1.13979,
    1.14108,
    1.13826,
    1.14088,
    1.14457,
    1.15256,
    1.15634,
    1.1592,
    1.1642,
    1.17503,
    1.17146,
    1.17903,
    1.18465,
    1.17751,
    1.17611,
    1.17963,
    1.18618,
    1.18759,
    1.17884,
    1.1736,
    1.17393,
    1.17783,
    1.18119,
    1.18375,
    1.18687,
    1.19303,
    1.18351,
    1.1859,
    1.17895,
    1.17873,
    1.18323,
    1.18294,
    1.18208,
    1.19025,
    1.19307,
    1.19108,
    1.18489,
    1.18448,
    1.18425,
    1.18093,
    1.17717
  ],
  "s": "ok",
  "t": [
    1590440400,
    1590526800,
    1590613200,
    1590699600,
    1590958800,
    1591045200,
    1591131600,
    1591218000,
    1591304400,
    1591563600,
    1591650000,
    1591736400,
    1591822800,
    1591909200,
    1592168400,
    1592254800,
    1592341200,
    1592427600,
    1592514000,
    1592773200,
    1592859600,
    1592946000,
    1593032400,
    1593118800,
    1593378000,
    1593464400,
    1593550800,
    1593637200,
    1593723600,
    1593982800,
    1594069200,
    1594155600,
    1594242000,
    1594328400,
    1594587600,
    1594674000,
    1594760400,
    1594846800,
    1594933200,
    1595192400,
    1595278800,
    1595365200,
    1595451600,
    1595538000,
    1595797200,
    1595883600,
    1595970000,
    1596056400,
    1596142800,
    1596402000,
    1596488400,
    1596574800,
    1596661200,
    1596747600,
    1597006800,
    1597093200,
    1597179600,
    1597266000,
    1597352400,
    1597611600,
    1597698000,
    1597784400,
    1597870800,
    1597957200,
    1598216400,
    1598302800,
    1598389200,
    1598475600,
    1598562000,
    1598821200,
    1598907600,
    1598994000,
    1599080400,
    1599166800,
    1599426000,
    1599512400,
    1599598800
  ],
  "v": [
    76349,
    118484,
    106652,
    121212,
    98126,
    117181,
    126775,
    138192,
    126737,
    102476,
    117079,
    134451,
    153989,
    152596,
    148328,
    134481,
    121815,
    113957,
    104847,
    91105,
    117847,
    111921,
    118280,
    82267,
    84416,
    99788,
    89714,
    91135,
    59545,
    81918,
    92545,
    89934,
    104780,
    81567,
    86247,
    106511,
    100559,
    102250,
    73171,
    104278,
    111214,
    130630,
    116144,
    115398,
    123741,
    126348,
    121332,
    128606,
    155205,
    113332,
    113812,
    110680,
    128894,
    126815,
    86538,
    121488,
    121313,
    110701,
    98282,
    85411,
    114260,
    121088,
    131808,
    117193,
    89884,
    102775,
    99782,
    164361,
    140658,
    112789,
    143284,
    130471,
    133075,
    138417,
    59421,
    136151,
    119211
  ]
}
